id,channel_name,telegram_link,username,admin_contact,category,geography,audience_tier,outreach_hook,priority,status,contacted_at
1,Gold Sniper Pro (XAUUSD),https://t.me/goldsniper_official,@goldsniper_official,@GoldSniper_Admin,Gold (XAUUSD),International,2.5k - 8k,Gold scalp execution speed & zero slippage,High,Contacted,2026-10-09 02:43:00
2,XAUUSD Scalpers Hub,https://t.me/xauusd_scalp_hub,@xauusd_scalp_hub,@XAU_ChiefTrader,Gold (XAUUSD),International,1.8k - 5k,1-click F12 instant chart snap during London/NY open,High,Contacted,2026-10-09 09:00:26
3,Golden Pips VIP Signals,https://t.me/goldenpips_vip,@goldenpips_vip,@GoldenPips_Support,Gold (XAUUSD),Dubai / UAE,3.2k - 10k,Branded channel watermark on chart photos,High,Contacted,2026-10-09 09:00:38
4,XAUUSD Master Scalp,https://t.me/xauusd_masterscalp,@xauusd_masterscalp,@MasterScalp_VIP,Gold (XAUUSD),UK / Europe,4k - 12k,"Automated TP milestone notifications (+50, +100 pips)",High,Contacted,2026-10-09 09:00:52
5,Bullion Bulls Gold Hub,https://t.me/bullionbulls_fx,@bullionbulls_fx,@BullionBulls_Admin,Gold (XAUUSD),International,1.5k - 4.5k,Instant trade entry snapshot with risk-reward overlay,Medium,Contacted,2026-10-09 09:01:07
6,Gold Hunter Signals,https://t.me/goldhunter_signals,@goldhunter_signals,@GoldHunterSupport,Gold (XAUUSD),International,2k - 6k,Zero manual crop time when catching 30-pip pullbacks,High,Contacted,2026-10-09 09:01:19
7,Elite Gold Scalping Room,https://t.me/elite_goldscalping,@elite_goldscalping,@EliteGoldTrader,Gold (XAUUSD),International,1.2k - 3.8k,300ms signal latency vs 45s phone camera photo,High,,
8,Pure Gold Price Action,https://t.me/puregold_pa,@puregold_pa,@PureGoldAdmin,Gold (XAUUSD),UK,2.8k - 7.5k,On-chart commentary notes sent with photo in 1 click,High,,
9,XAUUSD Zone Traders,https://t.me/xau_zonetraders,@xau_zonetraders,@ZoneTraders_Lead,Gold (XAUUSD),International,1k - 3k,Professional branding to convert free members to VIP,High,,
10,Gold Rush Daily Trades,https://t.me/goldrush_daily,@goldrush_daily,@GoldRush_Support,Gold (XAUUSD),International,3k - 9k,Auto daily recap PnL audit to prove win rate,Medium,,
11,Gold Matrix Signals,https://t.me/goldmatrix_fx,@goldmatrix_fx,@MatrixGold_Admin,Gold (XAUUSD),International,1.5k - 4k,Fastest MT5 to Telegram dispatcher on the market,High,,
12,XAUUSD Precision Snipers,https://t.me/xau_precision,@xau_precision,@PrecisionSniper_FX,Gold (XAUUSD),International,2.2k - 6.5k,Institutional look with custom watermark,High,,
13,Apex Gold Trades,https://t.me/apexgold_trades,@apexgold_trades,@ApexGoldVIP,Gold (XAUUSD),US / International,3.5k - 11k,Stop losing 10-15 pips typing out TP and SL,High,,
14,Gold Scalper Dynasty,https://t.me/goldscalper_dynasty,@goldscalper_dynasty,@DynastyTrader_Admin,Gold (XAUUSD),International,1.8k - 5k,1-click chart snap with Entry/SL/TP calculation,Medium,,
15,Gold Coast FX Signals,https://t.me/goldcoast_fx,@goldcoast_fx,@GoldCoastAdmin,Gold (XAUUSD),International,2.5k - 7k,Broadcast to channel and group simultaneously,High,,
16,Golden Edge Scalping,https://t.me/goldenedge_scalp,@goldenedge_scalp,@GoldenEdgeSupport,Gold (XAUUSD),International,1.1k - 3.2k,Zero DLL safety for Mac / VPS / Windows terminals,High,,
17,XAUUSD London Breakout,https://t.me/xau_londonbreakout,@xau_londonbreakout,@LondonXAU_Admin,Gold (XAUUSD),UK / Europe,4k - 10k,Instant capture of 07:00 GMT London open setups,High,,
18,Gold Wave Theory,https://t.me/goldwavetheory,@goldwavetheory,@WaveTraderGold,Gold (XAUUSD),International,1.7k - 4.8k,Clear HD screenshots showing Elliott Wave counts,Medium,,
19,XAUUSD Institutional Flow,https://t.me/xau_instiflow,@xau_instiflow,@InstiFlowAdmin,Gold (XAUUSD),International,2.9k - 8k,Command center managing Gold + Silver + Oil from 1 chart,High,,
20,Nirvana Gold Trading,https://t.me/nirvanagold_fx,@nirvanagold_fx,@NirvanaGoldVIP,Gold (XAUUSD),Asia / Middle East,3k - 9.5k,Save 1 hour of manual chart posting every day,High,,
21,Gold Strike Signals,https://t.me/goldstrike_signals,@goldstrike_signals,@GoldStrike_Lead,Gold (XAUUSD),International,1.4k - 4.2k,Automatic trade close & breakeven alerts,Medium,,
22,XAUUSD Trend Riders,https://t.me/xau_trendriders,@xau_trendriders,@TrendRidersAdmin,Gold (XAUUSD),International,2k - 5.5k,Send clean trade setups with 1 click,Medium,,
23,Gold Eagle Scalping,https://t.me/goldeagle_scalp,@goldeagle_scalp,@GoldEagle_Trader,Gold (XAUUSD),International,1.9k - 6k,F12 shortcut speed vs phone screenshot,High,,
24,XAUUSD Profit Vault,https://t.me/xau_profitvault,@xau_profitvault,@ProfitVaultVIP,Gold (XAUUSD),International,3.1k - 8.5k,Automatic Daily Recap auditing total pips won,High,,
25,Gold Magnet Signals,https://t.me/goldmagnet_fx,@goldmagnet_fx,@GoldMagnetSupport,Gold (XAUUSD),International,1.3k - 3.9k,Eliminate VIP member complaints about late signals,High,,
26,Bullseye XAUUSD,https://t.me/bullseye_xauusd,@bullseye_xauusd,@BullseyeXAU_Admin,Gold (XAUUSD),International,2.4k - 7k,Clean watermark preventing signal thieves from reposting,High,,
27,Gold Phoenix Trades,https://t.me/goldphoenix_trades,@goldphoenix_trades,@GoldPhoenixVIP,Gold (XAUUSD),International,1.6k - 4.5k,Automated order execution snapshots,Medium,,
28,XAUUSD Momentum Club,https://t.me/xau_momentumclub,@xau_momentumclub,@MomentumClubAdmin,Gold (XAUUSD),UK / Europe,3.8k - 11k,Direct channel broadcaster with no external server cost,High,,
29,Gold Genesis Signals,https://t.me/goldgenesis_signals,@goldgenesis_signals,@GoldGenesis_Admin,Gold (XAUUSD),International,2.1k - 5.8k,Send notes and levels directly from chart HUD,High,,
30,XAUUSD Velocity Room,https://t.me/xau_velocity,@xau_velocity,@VelocityTrader_FX,Gold (XAUUSD),International,1.2k - 3.5k,300ms speed for news trading spikes (CPI / NFP),High,,
31,Gold Titan Scalpers,https://t.me/goldtitan_scalp,@goldtitan_scalp,@GoldTitanAdmin,Gold (XAUUSD),International,2.7k - 7.8k,Professional look that justifies premium VIP subscription,High,,
32,XAUUSD Target Master,https://t.me/xau_targetmaster,@xau_targetmaster,@TargetMaster_VIP,Gold (XAUUSD),International,1.5k - 4.2k,Auto-calculate current floating pips on every snap,High,,
33,Gold Dynasty Signals,https://t.me/golddynasty_vip,@golddynasty_vip,@DynastyGoldSupport,Gold (XAUUSD),International,3.3k - 9k,Whitelabel branding with custom logo watermark,High,,
34,XAUUSD Alpha Signals,https://t.me/xau_alphasignals,@xau_alphasignals,@AlphaGold_Admin,Gold (XAUUSD),International,2.3k - 6.2k,One keypress F12 transmission to Telegram,High,,
35,Gold Oracle FX,https://t.me/goldoracle_fx,@goldoracle_fx,@OracleGoldAdmin,Gold (XAUUSD),International,1.7k - 4.9k,Instant signal delivery with zero DLLs required,High,,
36,Funded Traders Society,https://t.me/fundedtraders_society,@fundedtraders_society,@FTS_Founder,Prop Firm / SMC,International,3k - 10k,Automated trade journaling with HD MT5 screenshots,High,,
37,SMC Order Flow Lab,https://t.me/smc_orderflowlab,@smc_orderflowlab,@OrderFlow_Lead,Prop Firm / SMC,UK / Europe,2.2k - 6.5k,Capture order blocks & liquidity sweeps in high-res,High,,
38,Prop Firm Passers Club,https://t.me/propfirm_passers,@propfirm_passers,@PropFirmCoach,Prop Firm / SMC,International,4k - 12k,Daily recap PnL report proving challenge rules compliance,High,,
39,ICT Concepts & Setups,https://t.me/ict_setups_hub,@ict_setups_hub,@ICT_Mentor_FX,Prop Firm / SMC,International,3.5k - 9.5k,One-click chart snapshot with custom trader annotations,High,,
40,Funded Next Wave Traders,https://t.me/funded_wavetraders,@funded_wavetraders,@WaveFunded_Admin,Prop Firm / SMC,International,1.8k - 5.2k,Command center managing 10 charts from single panel,High,,
41,Smart Money Blueprint,https://t.me/smartmoney_blueprint,@smartmoney_blueprint,@SMC_Blueprint_VIP,Prop Firm / SMC,UK,2.5k - 7k,Institutional chart aesthetic with channel watermark,High,,
42,FTMO Challenge Mentors,https://t.me/ftmo_mentors_hub,@ftmo_mentors_hub,@FTMO_Mentor_Pro,Prop Firm / SMC,International,2.8k - 8.5k,End-of-day audit proving risk management to students,High,,
43,Liquidity Hunters FX,https://t.me/liquidity_hunters_fx,@liquidity_hunters_fx,@LiquidityHunter_Lead,Prop Firm / SMC,International,1.9k - 5.8k,Send chart evidence when trade hits breakeven,High,,
44,Institutional Price Action Lab,https://t.me/insti_pa_lab,@insti_pa_lab,@InstiPA_Admin,Prop Firm / SMC,International,2k - 6k,"Automated snapshot on every entry, TP, and SL",Medium,,
45,Prop Alpha Traders,https://t.me/prop_alphatraders,@prop_alphatraders,@PropAlphaSupport,Prop Firm / SMC,International,3.2k - 9k,Zero latency signal dispatching across multiple groups,High,,
46,The Funded Hub VIP,https://t.me/thefundedhub_vip,@thefundedhub_vip,@FundedHub_Admin,Prop Firm / SMC,International,4.5k - 13k,Give VIP subscribers institutional-grade execution,High,,
47,Precision SMC Academy,https://t.me/precisionsmc_academy,@precisionsmc_academy,@SMCAcademy_Admin,Prop Firm / SMC,International,1.6k - 4.5k,Share trade analysis with custom notes in 1 keypress,Medium,,
48,Prop Trading Elite Room,https://t.me/proptrading_elited,@proptrading_elited,@PropElite_Lead,Prop Firm / SMC,International,2.4k - 7.2k,Eliminate trading distractions during live sessions,High,,
49,FVG & Imbalance Traders,https://t.me/fvg_imbalancetraders,@fvg_imbalancetraders,@FVG_Trader_VIP,Prop Firm / SMC,International,1.7k - 5k,Crystal clear HD capture of Fair Value Gaps,High,,
50,Funded Scalp Masters,https://t.me/fundedscalp_masters,@fundedscalp_masters,@FundedScalp_Admin,Prop Firm / SMC,International,2.9k - 8k,Pass evaluations faster with structured signal feeds,High,,
51,Structure & Flow FX,https://t.me/structure_flow_fx,@structure_flow_fx,@StructureFlow_Lead,Prop Firm / SMC,UK / International,1.4k - 4k,On-chart HUD HUD button for instant broadcast,Medium,,
52,Prop Challenge Scalpers,https://t.me/propchallenge_scalp,@propchallenge_scalp,@ChallengeScalp_Admin,Prop Firm / SMC,International,2.3k - 6.8k,Automatic Daily Recap auditing daily drawdown limits,High,,
53,SMC Liquidity Matrix,https://t.me/smc_liqmatrix,@smc_liqmatrix,@LiqMatrix_VIP,Prop Firm / SMC,International,1.9k - 5.5k,Protect signals with custom watermarked screenshots,High,,
54,Funded Trader Syndicate,https://t.me/funded_syndicate,@funded_syndicate,@Syndicate_Founder,Prop Firm / SMC,International,3.6k - 10.5k,Broadcast to channels & forum topic threads simultaneously,High,,
55,ICT Killzone Snipers,https://t.me/ict_killzonesnipers,@ict_killzonesnipers,@KillzoneSniper_Admin,Prop Firm / SMC,International,2.1k - 6k,Snap London/NY killzone setups in sub-second time,High,,
56,Prop Firm Vault Signals,https://t.me/propfirm_vault,@propfirm_vault,@PropVault_Admin,Prop Firm / SMC,International,1.5k - 4.2k,Direct MT5 integration without third-party webhooks,Medium,,
57,Smart Money Execution Lab,https://t.me/smc_executionlab,@smc_executionlab,@SMCExecution_Lead,Prop Firm / SMC,International,2.6k - 7.5k,Zero human delay between chart click and channel post,High,,
58,Funded Legends Club,https://t.me/fundedlegends_fx,@fundedlegends_fx,@FundedLegendsVIP,Prop Firm / SMC,International,3.3k - 9.8k,"Automated profit milestone alerts (+50, +100 pips)",High,,
59,Institutional Edge Setups,https://t.me/instiedge_setups,@instiedge_setups,@InstiEdgeAdmin,Prop Firm / SMC,International,1.3k - 3.8k,Free Lite edition with upgrade path to Pro Command Center,High,,
60,Prop Mastermind Signals,https://t.me/propmastermind_fx,@propmastermind_fx,@PropMastermind_Support,Prop Firm / SMC,International,2.8k - 8.2k,Save hours of daily screenshot manual cropping,High,,
61,SMC Order Block Hunters,https://t.me/smc_orderblockhunters,@smc_orderblockhunters,@OBHunter_Lead,Prop Firm / SMC,International,1.8k - 5.4k,Capture point of interest (POI) entries instantly,Medium,,
62,Funded Next Level FX,https://t.me/funded_nextlevel,@funded_nextlevel,@NextLevelFunded_Admin,Prop Firm / SMC,International,2k - 6.1k,Institutional look with clean watermark,High,,
63,Prop PnL Journal VIP,https://t.me/prop_pnljournal,@prop_pnljournal,@PnLJournalAdmin,Prop Firm / SMC,International,1.2k - 3.6k,Audited win-rate recap sent to Telegram every night,High,,
64,ICT Model Setups,https://t.me/ict_modelsetups,@ict_modelsetups,@ICTModel_Admin,Prop Firm / SMC,International,3.1k - 9.1k,Instant chart transmission to your VIP telegram,High,,
65,Apex Funded Scalpers,https://t.me/apexfunded_scalp,@apexfunded_scalp,@ApexFunded_Lead,Prop Firm / SMC,International,2.4k - 7k,1-click snapshot + entry note directly into Telegram,High,,
66,Forex Traders Kenya Official,https://t.me/forextraders_kenya,@forextraders_kenya,@KenyaFX_Admin,Kenya / East Africa,Kenya,3k - 12k,Local Kenyan software engineering innovation for MT5,High,,
67,Nairobi Forex Pips Hub,https://t.me/nairobifx_pipshub,@nairobifx_pipshub,@NairobiFX_Lead,Kenya / East Africa,Kenya,1.5k - 4.8k,Built in Nairobi for local VIP signal providers,High,,
68,Kenya Gold Scalpers Society,https://t.me/kenyagold_scalpers,@kenyagold_scalpers,@KenyaGold_Admin,Kenya / East Africa,Kenya,2k - 6k,Zero latency Gold signals for local VIP groups,High,,
69,East Africa Forex Hub,https://t.me/eastafrica_fxhub,@eastafrica_fxhub,@EAForex_Director,Kenya / East Africa,Kenya / EA,4k - 14k,Professionalizing African signal channels with automated MT5 HUD,High,,
70,Nairobi SMC Traders,https://t.me/nairobismc_traders,@nairobismc_traders,@NairobiSMC_Admin,Kenya / East Africa,Kenya,1.2k - 3.8k,High-res chart sharing directly to student telegram groups,High,,
71,Forex Kenya VIP Signals,https://t.me/forexkenya_vipsignals,@forexkenya_vipsignals,@KenyaVIPSignals_Lead,Kenya / East Africa,Kenya,2.8k - 8k,Eliminate signal delay between MT5 execution and Telegram,High,,
72,Mombasa FX Scalpers,https://t.me/mombasafx_scalpers,@mombasafx_scalpers,@MombasaFX_Admin,Kenya / East Africa,Kenya,1k - 3.2k,Fastest chart dispatcher for MT5 terminals,Medium,,
73,Pips Masters Kenya,https://t.me/pipsmasters_ke,@pipsmasters_ke,@PipsMasterKE_VIP,Kenya / East Africa,Kenya,2.2k - 6.5k,Automated daily recap proving trades to community,High,,
74,Kenya Indices & US30 Traders,https://t.me/kenyaindices_us30,@kenyaindices_us30,@KenyaUS30_Lead,Kenya / East Africa,Kenya,1.8k - 5k,1-click F12 snap during volatile NY open sessions,High,,
75,Nairobi Funded Traders,https://t.me/nairobifunded_traders,@nairobifunded_traders,@NairobiFunded_Admin,Kenya / East Africa,Kenya,1.6k - 4.5k,Institutional trading audit & trade journal snapshots,High,,
76,Eldoret FX Pips Club,https://t.me/eldoret_fxclub,@eldoret_fxclub,@EldoretFX_Support,Kenya / East Africa,Kenya,800 - 2.5k,Free community edition with local Kenyan developer support,High,,
77,Forex Mentorship Kenya,https://t.me/fxmentorship_ke,@fxmentorship_ke,@MentorshipKE_Lead,Kenya / East Africa,Kenya,3.5k - 9.5k,Tool for mentors to broadcast live chart markups to students,High,,
78,Kenya Deriv & MT5 Synthetics,https://t.me/kenyaderiv_synthetics,@kenyaderiv_synthetics,@DerivKenya_Admin,Kenya / East Africa,Kenya,4k - 15k,Works seamlessly across MT5 synthetic indices & FX pairs,High,,
79,Nairobi Scalping Cartel,https://t.me/nairobi_scalpcartel,@nairobi_scalpcartel,@ScalpCartel_Admin,Kenya / East Africa,Kenya,1.4k - 4k,Save your traders 15 pips of slippage on fast moves,Medium,,
80,Kisumu Traders Forum,https://t.me/kisumu_tradersforum,@kisumu_tradersforum,@KisumuTraders_Lead,Kenya / East Africa,Kenya,700 - 2.2k,Support local tech innovation on MQL5 Marketplace,High,,
81,Kenya Price Action Snipers,https://t.me/kenyapa_snipers,@kenyapa_snipers,@KenyaPA_Admin,Kenya / East Africa,Kenya,2.1k - 6k,Whitelabel branding with your custom channel handle,High,,
82,Uganda & Kenya FX Hub,https://t.me/uganda_kenya_fx,@uganda_kenya_fx,@UGKE_TraderAdmin,Kenya / East Africa,East Africa,2.5k - 7.5k,Cross-border trading community signal broadcast hub,Medium,,
83,Tanzania & Kenya Forex Network,https://t.me/tz_ke_forexnetwork,@tz_ke_forexnetwork,@TZKE_Network_VIP,Kenya / East Africa,East Africa,1.9k - 5.5k,Instant signal delivery with zero DLLs required,Medium,,
84,Kenya Gold Bullion Signals,https://t.me/kenyagold_bullion,@kenyagold_bullion,@KenyaBullion_Admin,Kenya / East Africa,Kenya,1.7k - 4.8k,300ms Gold execution to beat market spikes,High,,
85,Nairobi Elite Pips VIP,https://t.me/nairobi_elitepips,@nairobi_elitepips,@ElitePipsNairobi_VIP,Kenya / East Africa,Kenya,2.9k - 8.2k,"Automatic TP milestones (+50, +100 pips) notifications",High,,
86,Kenya Crypto & FX Scalp,https://t.me/kenyacrypto_fxscalp,@kenyacrypto_fxscalp,@CryptoFXKenya_Admin,Kenya / East Africa,Kenya,3.2k - 9k,Manage crypto and currency pairs from one screen,Medium,,
87,Nairobi Chart Markups Room,https://t.me/nairobi_chartmarkups,@nairobi_chartmarkups,@ChartMarkupsKE_Lead,Kenya / East Africa,Kenya,1.3k - 3.9k,1-click snapshot + entry notes directly to channel,High,,
88,Kenya Prop Firm Warriors,https://t.me/kenyaprop_warriors,@kenyaprop_warriors,@PropWarriorsKE_Admin,Kenya / East Africa,Kenya,1.8k - 5.2k,Daily recap PnL report to show funded progress,High,,
89,Forex Kenya Smart Traders,https://t.me/forexkenya_smart,@forexkenya_smart,@SmartTradersKE_Lead,Kenya / East Africa,Kenya,2.4k - 7.1k,Zero latency signal dispatching across all channels,High,,
90,Kenya Ultimate FX Academy,https://t.me/kenya_ultimatefx,@kenya_ultimatefx,@UltimateFXKenya_VIP,Kenya / East Africa,Kenya,3k - 8.5k,Give students clean visual setups without phone photos,High,,
91,South Africa Forex Millionaires,https://t.me/sa_forexmillionaires,@sa_forexmillionaires,@SAForex_Admin,South Africa / Nigeria,South Africa,5k - 18k,Professionalizing VIP signals with instant MT5 capture,High,,
92,Johannesburg Scalpers Club,https://t.me/joburg_scalpers,@joburg_scalpers,@JoburgScalper_Lead,South Africa / Nigeria,South Africa,2.5k - 7.5k,Fastest F12 chart snapper for volatile NASDAQ sessions,High,,
93,Nigeria Forex Pips Clan,https://t.me/nigeria_pipsclan,@nigeria_pipsclan,@NigeriaPips_Admin,South Africa / Nigeria,Nigeria,4k - 15k,Zero latency signal dispatching to beat network delays,High,,
94,Lagos FX Scalping Hub,https://t.me/lagosfx_scalphub,@lagosfx_scalphub,@LagosFX_Lead,South Africa / Nigeria,Nigeria,3.2k - 9k,Automatic Daily Recap auditing daily performance,High,,
95,Cape Town Forex Masters,https://t.me/capetown_fxmasters,@capetown_fxmasters,@CapeTownFX_VIP,South Africa / Nigeria,South Africa,1.8k - 5.5k,Custom channel branding watermark on every chart photo,High,,
96,Abuja Forex VIP Lounge,https://t.me/abuja_fxviplounge,@abuja_fxviplounge,@AbujaFX_Admin,South Africa / Nigeria,Nigeria,2.2k - 6.8k,Send notes and levels directly from on-chart HUD,High,,
97,SA Gold & Nasdaq Snipers,https://t.me/sa_goldnasdaq_snipers,@sa_goldnasdaq_snipers,@SANasdaq_Admin,South Africa / Nigeria,South Africa,3.8k - 11k,300ms speed during high-volatility Nasdaq openings,High,,
98,Naija Funded Traders,https://t.me/naija_fundedtraders,@naija_fundedtraders,@NaijaFunded_Lead,South Africa / Nigeria,Nigeria,2.7k - 8k,Automated journal entries with clean MT5 screenshots,High,,
99,Durban FX Trading Room,https://t.me/durbanfx_tradingroom,@durbanfx_tradingroom,@DurbanFX_VIP,South Africa / Nigeria,South Africa,1.5k - 4.5k,1-click snapshot + entry note directly into Telegram,Medium,,
100,Ghana Forex Elite Club,https://t.me/ghana_forexelite,@ghana_forexelite,@GhanaFX_Admin,South Africa / Nigeria,Ghana,2k - 6k,Whitelabel branding to justify premium VIP subscriptions,Medium,,
101,SA Smart Money Concepts,https://t.me/sa_smartmoneyconcepts,@sa_smartmoneyconcepts,@SASMC_Lead,South Africa / Nigeria,South Africa,3.1k - 8.8k,Capture order blocks & liquidity sweeps in high-res,High,,
102,West Africa Forex Broadcasters,https://t.me/westafrica_fxbroadcasters,@westafrica_fxbroadcasters,@WestAfricaFX_Admin,South Africa / Nigeria,West Africa,2.4k - 7k,Manage multiple charts and instruments from 1 command center,High,,
103,Pretoria Pips Scalpers,https://t.me/pretoria_pipsscalpers,@pretoria_pipsscalpers,@PretoriaPips_VIP,South Africa / Nigeria,South Africa,1.6k - 4.8k,Broadcast to channel and group simultaneously,Medium,,
104,Port Harcourt Forex Network,https://t.me/portharcourt_fxnetwork,@portharcourt_fxnetwork,@PHFX_Admin,South Africa / Nigeria,Nigeria,1.9k - 5.6k,Zero DLL safety for VPS and trading terminals,High,,
105,SA Prop Challenge Passers,https://t.me/sa_propchallengepassers,@sa_propchallengepassers,@SAPropPasser_Lead,South Africa / Nigeria,South Africa,2.8k - 8.2k,Prove trading discipline with nightly audited recap,High,,
106,Ibadan Forex Hub,https://t.me/ibadan_forexhub,@ibadan_forexhub,@IbadanFX_Admin,South Africa / Nigeria,Nigeria,1.3k - 3.8k,Free community edition with upgrade path to Pro,Medium,,
107,Sandton Forex Traders VIP,https://t.me/sandton_forextraders,@sandton_forextraders,@SandtonFX_VIP,South Africa / Nigeria,South Africa,3.5k - 10k,Institutional-grade presentation for high-net-worth VIPs,High,,
108,Nigeria Synthetic Indices VIP,https://t.me/nigeria_syntheticsvip,@nigeria_syntheticsvip,@NaijaSynthetics_Lead,South Africa / Nigeria,Nigeria,4.2k - 13k,Send Volatility 75 / Boom / Crash snaps in 300ms,High,,
109,Bloemfontein Scalp Lab,https://t.me/bloemfontein_scalplab,@bloemfontein_scalplab,@BloemScalp_Admin,South Africa / Nigeria,South Africa,1.1k - 3.2k,F12 key shortcut vs slow phone photography,Medium,,
110,Enugu Forex Masterclass,https://t.me/enugu_fxmasterclass,@enugu_fxmasterclass,@EnuguFX_Lead,South Africa / Nigeria,Nigeria,1.7k - 4.9k,Share markups with students instantly from MT5,High,,
111,SA Indices Kings (NAS100 / US30),https://t.me/sa_indiceskings,@sa_indiceskings,@SAIndicesKing_VIP,South Africa / Nigeria,South Africa,4.8k - 14k,Eliminate slippage during 16:30 SAST market opens,High,,
112,Accra Pips Cartel,https://t.me/accra_pipscartel,@accra_pipscartel,@AccraPips_Admin,South Africa / Nigeria,Ghana,1.4k - 4.2k,Save hours of daily screenshot cropping and editing,Medium,,
113,Africa Forex Hub VIP,https://t.me/africaforex_hubvip,@africaforex_hubvip,@AfricaFXHub_Lead,South Africa / Nigeria,Pan-African,5.5k - 16k,Institutional trading hub connecting multiple channels,High,,
114,Kano FX Traders Syndicate,https://t.me/kanofx_syndicate,@kanofx_syndicate,@KanoFX_Admin,South Africa / Nigeria,Nigeria,1.2k - 3.5k,Low-bandwidth reliable HTTP transmission via MT5 WebRequest,High,,
115,SA Trend Traders Society,https://t.me/sa_trendtraders,@sa_trendtraders,@SATrendTraders_Lead,South Africa / Nigeria,South Africa,2.3k - 6.5k,Instant signal delivery with zero DLLs required,High,,
116,US30 Wall Street Snipers,https://t.me/us30_wallsnipers,@us30_wallsnipers,@US30Sniper_Admin,Indices (US30/NAS100),International,3.5k - 11k,Capture fast US30 opening bell volatility in 300ms,High,,
117,Nasdaq 100 Scalp Lab,https://t.me/nasdaq100_scalplab,@nasdaq100_scalplab,@Nas100Lab_Admin,Indices (US30/NAS100),US / International,4k - 12.5k,Stop losing 25 index points while typing out alerts,High,,
118,GER40 / DAX Scalpers VIP,https://t.me/ger40_daxscalpers,@ger40_daxscalpers,@DAXScalper_Lead,Indices (US30/NAS100),Germany / Europe,2.2k - 6.8k,European market open speed and precision,High,,
119,Dow Jones Masters Room,https://t.me/dowjones_masters,@dowjones_masters,@DowMasters_VIP,Indices (US30/NAS100),International,2.8k - 8k,1-click F12 snapshot with floating PnL calculation,High,,
120,Tech 100 Scalping Room,https://t.me/tech100_scalping,@tech100_scalping,@Tech100Scalper_Lead,Indices (US30/NAS100),International,3k - 9.2k,"Automatic TP milestones (+50, +100 points)",High,,
121,US30 Momentum Kings,https://t.me/us30_momentumkings,@us30_momentumkings,@US30Kings_Admin,Indices (US30/NAS100),International,2.4k - 7.5k,Whitelabel branding to protect your setups,High,,
122,Indices Flow FX,https://t.me/indicesflow_fx,@indicesflow_fx,@IndicesFlow_Admin,Indices (US30/NAS100),International,1.7k - 5.2k,Command center managing US30 + NAS100 + SPX500 together,High,,
123,US30 Scalp Syndicate,https://t.me/us30_scalpsyndicate,@us30_scalpsyndicate,@US30Syndicate_VIP,Indices (US30/NAS100),International,3.3k - 9.8k,Sub-second speed for fast intraday runners,High,,
124,NAS100 London & NY Scalpers,https://t.me/nas100_lon_ny,@nas100_lon_ny,@Nas100Trader_Lead,Indices (US30/NAS100),UK / US,2.9k - 8.4k,Send notes and levels directly from on-chart HUD,High,,
125,S&P 500 Daily Setups,https://t.me/sp500_dailysetups,@sp500_dailysetups,@SP500Daily_Admin,Indices (US30/NAS100),US / International,1.5k - 4.5k,Clean visual verification on every trade entry,Medium,,
126,Indices Pure Price Action,https://t.me/indices_purepa,@indices_purepa,@IndicesPA_Admin,Indices (US30/NAS100),International,2.1k - 6.2k,Zero DLL safety for VPS and MT5 terminals,High,,
127,US30 Breakout Club,https://t.me/us30_breakoutclub,@us30_breakoutclub,@BreakoutUS30_VIP,Indices (US30/NAS100),International,2.6k - 7.6k,Auto daily recap PnL report proving trading consistency,High,,
128,German DAX Snipers,https://t.me/germandax_snipers,@germandax_snipers,@DAXSniper_Admin,Indices (US30/NAS100),Germany / Europe,1.8k - 5.5k,Instant capture of 08:00 CET Frankfurt opening surges,High,,
129,Wall Street Flow VIP,https://t.me/wallstreetflow_vip,@wallstreetflow_vip,@WallStreetFlow_Lead,Indices (US30/NAS100),US / UK,4.2k - 12k,Eliminate delay between terminal and Telegram channel,High,,
130,US30 & Nasdaq Alpha Room,https://t.me/us30nasdaq_alpharoom,@us30nasdaq_alpharoom,@AlphaIndices_Admin,Indices (US30/NAS100),International,3.1k - 9k,Whitelabel branding with your custom logo watermark,High,,
131,Indices Scalp Matrix,https://t.me/indices_scalpmatrix,@indices_scalpmatrix,@IndicesMatrix_VIP,Indices (US30/NAS100),International,1.6k - 4.8k,1-click snapshot + entry notes directly to channel,High,,
132,New York Open Scalpers,https://t.me/nyopen_scalpers,@nyopen_scalpers,@NYOpenScalp_Lead,Indices (US30/NAS100),US / International,3.7k - 10.5k,Capture rapid 100-point moves with zero manual typing,High,,
133,US30 Precision Signals,https://t.me/us30_precisionsignals,@us30_precisionsignals,@PrecisionUS30_Admin,Indices (US30/NAS100),International,2.2k - 6.5k,Broadcast to channel and group simultaneously,High,,
134,Nasdaq Volatility Snipers,https://t.me/nasdaq_volatilitysnipers,@nasdaq_volatilitysnipers,@NasVolatility_Lead,Indices (US30/NAS100),International,2.5k - 7.2k,Zero latency signal dispatching across all channels,High,,
135,Indices Pro Traders Hub,https://t.me/indices_protradershub,@indices_protradershub,@IndicesPro_Admin,Indices (US30/NAS100),International,1.9k - 5.8k,Instant signal delivery with zero DLLs required,High,,
136,London Forex Syndicate VIP,https://t.me/londonfx_syndicate,@londonfx_syndicate,@LondonSyndicate_Lead,Global VIP,UK / Europe,5k - 15k,Institutional trading aesthetic for high-paying subscribers,High,,
137,Mayfair FX Private Room,https://t.me/mayfair_fxroom,@mayfair_fxroom,@MayfairFX_Admin,Global VIP,UK,2.5k - 7k,Whitelabel custom branding & zero human latency,High,,
138,Dubai Institutional Traders,https://t.me/dubai_institraders,@dubai_institraders,@DubaiInsti_Admin,Global VIP,Dubai / UAE,4k - 12k,Command center managing multi-terminal trade flows,High,,
139,Swiss FX Alpha Club,https://t.me/swiss_fxalpha,@swiss_fxalpha,@SwissAlpha_VIP,Global VIP,Switzerland / EU,1.8k - 5.5k,Swiss precision execution and clean watermark,High,,
140,Nordic FX Quantitative,https://t.me/nordic_fxquant,@nordic_fxquant,@NordicQuant_Lead,Global VIP,Nordics / EU,2.2k - 6.5k,Direct MT5 integration without third-party webhooks,High,,
141,Frankfurt FX Institutional,https://t.me/frankfurt_fxinsti,@frankfurt_fxinsti,@FrankfurtFX_Admin,Global VIP,Germany / EU,3.1k - 8.8k,Automated Daily Recap auditing daily performance,High,,
142,Singapore FX Macro Club,https://t.me/singapore_fxmacro,@singapore_fxmacro,@SingaporeMacro_VIP,Global VIP,Singapore / Asia,3.5k - 10.2k,Manage multi-currency majors and cross rates seamlessly,High,,
143,Monaco Wealth Traders VIP,https://t.me/monaco_wealthtraders,@monaco_wealthtraders,@MonacoWealth_Admin,Global VIP,Europe,1.5k - 4.2k,Zero DLL security complying with institutional compliance,High,,
144,City of London Scalpers,https://t.me/citylondon_scalpers,@citylondon_scalpers,@CityLondon_Lead,Global VIP,UK,4.8k - 14k,Stop losing 10-15 pips while typing out trade alerts,High,,
145,Sydney FX Session Snipers,https://t.me/sydneyfx_snipers,@sydneyfx_snipers,@SydneyFX_Admin,Global VIP,Australia,2.4k - 7k,Sub-second speed on Asian/Sydney market opening liquidity,High,,
146,Tokyo FX Tokyo Open VIP,https://t.me/tokyofx_openvip,@tokyofx_openvip,@TokyoFX_Lead,Global VIP,Japan / Asia,3k - 8.5k,1-click snapshot with JPY pip calculation,High,,
147,Amsterdam Pips Syndicate,https://t.me/amsterdam_pipssyndicate,@amsterdam_pipssyndicate,@AmsterdamPips_VIP,Global VIP,Netherlands / EU,1.9k - 5.8k,"Automated TP milestone notifications (+50, +100 pips)",High,,
148,Toronto FX Capital VIP,https://t.me/torontofx_capital,@torontofx_capital,@TorontoFX_Admin,Global VIP,Canada,2.8k - 8.2k,Automatic Daily Recap auditing daily performance,High,,
149,Geneva FX Private Banking Trades,https://t.me/genevafx_private,@genevafx_private,@GenevaFX_Admin,Global VIP,Switzerland,1.4k - 4.1k,Institutional visual appeal and custom watermark,High,,
150,Hong Kong FX Alpha Hub,https://t.me/hongkong_fxalphahub,@hongkong_fxalphahub,@HKAlphaFX_Lead,Global VIP,Hong Kong / Asia,3.6k - 10.5k,Save your traders 15 pips of slippage on fast moves,High,,
151,Vienna FX Institutional,https://t.me/vienna_fxinsti,@vienna_fxinsti,@ViennaFX_VIP,Global VIP,Austria / EU,1.7k - 5k,1-click snapshot + entry notes directly to channel,Medium,,
152,Madrid FX Scalpers Club,https://t.me/madridfx_scalpers,@madridfx_scalpers,@MadridFX_Admin,Global VIP,Spain / EU,2.6k - 7.5k,Broadcast to channel and group simultaneously,High,,
153,Milan Forex Private Room,https://t.me/milan_forexroom,@milan_forexroom,@MilanFX_Lead,Global VIP,Italy / EU,2.1k - 6.2k,Whitelabel branding to justify premium VIP subscriptions,Medium,,
154,Dublin FX Trading Syndicate,https://t.me/dublinfx_syndicate,@dublinfx_syndicate,@DublinFX_Admin,Global VIP,Ireland / EU,1.8k - 5.4k,Zero latency signal dispatching across all channels,High,,
155,Brussels FX Macro Desk,https://t.me/brussels_fxmacro,@brussels_fxmacro,@BrusselsFX_Lead,Global VIP,Belgium / EU,2.3k - 6.8k,Instant signal delivery with zero DLLs required,High,,
